segment,jishu
said,13256
house,2495
tree,2391
back,1682
magic,1649
book,1559
go,1361
time,1067
read,1037
just,1035
teddy,1005
about,993
through,980
good,928
don,911
more,902
oh,874
re,847
let,832
see,801
come,798
know,789
get,779
around,738
if,731
again,697
still,667
find,664
help,652
other,652
man,643
called,640
great,636
look,633
right,630
long,582
put,568
whispered,568
before,563
think,560
new,548
away,515
head,514
home,489
water,481
wind,479
light,474
way,474
people,473
going,464
toward,462
dark,461
door,457
thought,454
really,452
pointed,446
saw,442
day,441
night,430
love,426
take,426
sea,421
okay,412
world,411
white,407
yeah,400
king,400
window,391
make,391
found,390
small,390
felt,388
air,387
after,383
even,379
ladder,375
frog,374
creek,373
big,371
wait,367
want,357
many,353
room,353
thanks,351
another,350
under,345
say,340
across,336
place,325
something,324
maybe,320
faster,319
fiction,318
behind,316
never,312
wow,312
rope,310
deep,309
picture,309
thank,308
ancient,308
series,308
library,307
pope,306
sky,296
old,296
voice,296
random,295
tell,292
morning,291
boy,290
ground,289
ice,288
black,286
soon,285
giant,283
backpack,282
until,280
horse,278
hand,275
moon,273
last,271
research,270
everything,269
looking,268
mission,267
hope,267
red,266
notebook,265
breath,261
wish,260
blue,259
work,259
left,258
front,257
special,257
snow,256
story,254
stop,252
brother,251
life,251
street,249
rain,239
high,236
face,235
floor,234
remember,234
copyright,233
keep,232
together,231
class,228
ghost,227
sure,227
bag,226
stone,225
real,220
hey,220
summer,218
huge,217
side,215
hear,215
anything,215
cover,215
war,214
top,213
hurried,213
tried,212
writing,211
sound,211
cool,210
pack,207
reading,207
river,207
feel,206
leave,205
open,205
use,204
year,204
ready,203
bye,201
most,200
mom,200
guess,199
visit,194
young,190
today,190
thing,190
girl,190
coming,189
closed,187
absolutely,187
finally,185
forest,184
cold,184
castle,184
tall,183
better,183
sun,182
give,182
because,180
hurry,179
woman,179
mean,179
wizard,178
title,178
dog,177
ever,177
secret,177
everyone,176
quickly,174
hard,174
best,172
fell,171
rhyme,171
along,171
write,170
walking,170
heart,168
winter,167
against,166
dragon,166
moment,166
please,166
above,166
wonder,165
covered,165
wanted,165
slowly,164
knight,164
between,164
late,164
fun,162
page,161
ago,160
save,159
master,158
aloud,157
try,157
such,157
far,157
fire,157
believe,156
standing,156
same,155
suddenly,155
spin,155
once,155
while,155
afraid,154
meet,154
spell,153
city,152
music,152
dawn,152
grass,151
bright,151
bring,150
ship,149
wand,148
queen,148
large,148
worry,147
gray,147
waiting,146
wooden,144
blow,143
polar,142
himself,142
bird,142
own,142
author,141
running,141
name,140
boat,140
ask,139
ocean,138
green,138
happy,137
lost,135
others,135
play,135
someone,134
softly,133
hall,133
close,132
live,132
hi,131
beautiful,131
paper,130
penguin,130
stay,130
rose,130
smile,130
friend,129
sunlight,129
clothes,128
check,128
tiny,127
gold,127
eve,127
town,127
wall,126
bridge,126
show,126
flute,126
answer,125
early,124
afternoon,124
sorry,124
lots,124
follow,124
miss,124
guard,124
warm,123
trying,123
forward,122
peanut,121
serpent,121
terrible,121
corner,118
wild,118
crowd,118
person,118
palace,117
hill,117
sword,117
lady,117
end,117
wearing,116
distance,116
rock,116
imagination,116
web,116
pocket,115
bear,115
dad,115
hour,115
almost,114
sitting,114
cave,114
information,114
sir,114
closer,113
titanic,113
buffalo,112
different,112
sign,112
wide,111
carefully,111
oak,110
forget,110
kind,110
enough,109
eye,108
father,108
moonlight,108
mind,107
beyond,107
table,107
wet,106
already,106
sister,106
sand,106
slim,105
baby,105
quiet,104
strange,104
musical,104
hair,104
travel,103
without,103
call,103
silver,103
bed,103
family,103
named,102
arm,102
uh,102
few,102
space,101
dear,101
civil,101
course,101
beside,100
run,100
soft,100
edge,100
wonderful,100
age,100
captain,100
land,98
ride,98
note,98
body,98
magician,98
learn,98
seal,98
twilight,97
map,97
word,97
mother,97
creature,96
flashlight,96
mountain,96
crazy,96
pull,96
tad,95
school,95
indeed,95
move,95
order,94
road,94
stairs,94
cloak,94
history,94
listen,93
below,93
safe,93
pencil,93
wrong,93
laughing,93
turn,92
published,92
hot,92
earth,92
fallen,92
scroll,92
walk,92
else,92
actually,91
path,91
talking,91
free,91
breeze,91
cap,91
yep,89
holding,89
neck,89
fast,89
alone,89
hold,88
emperor,87
sorcerer,87
leather,87
heavy,87
letter,87
shoulder,86
idea,86
moving,86
tower,86
given,86
mouth,86
bread,85
involved,85
hide,85
rest,85
site,85
president,85
mouse,85
watch,85
building,85
brown,85
grade,85
stand,85
stage,85
earthquake,84
later,84
sunset,84
imperial,84
preview,84
low,83
yellow,83
genius,83
smiling,83
nearly,83
unicorn,82
gift,82
square,82
nothing,81
guide,81
learned,81
raven,81
octopus,81
playing,81
excuse,81
piece,80
volcano,80
gate,80
climb,80
mogul,80
tonight,80
garden,79
eat,79
hello,79
golden,79
share,79
whole,78
cloud,78
monster,78
bad,78
lot,78
known,77
happiness,77
elephant,77
nose,77
food,77
mysterious,76
thick,76
fish,76
seem,75
porch,75
start,75
set,75
animal,75
chance,75
including,74
landed,74
noon,74
ring,74
wood,74
exactly,74
dead,74
talk,74
field,73
living,73
mist,73
fear,72
raised,72
revolutionary,72
vacation,72
broke,72
part,72
panda,72
though,71
learning,71
carnival,71
sad,71
line,71
bottle,71
song,71
prince,71
wave,71
yard,71
famous,71
send,70
short,70
sometimes,70
care,70
driver,70
natural,70
dream,69
bell,69
loved,69
mad,69
catch,69
haunted,69
lying,69
silent,69
luck,69
nice,68
making,68
welcome,68
hawk,68
hat,68
dust,68
journey,67
ah,67
calm,67
midnight,67
squeak,67
scrambled,67
gorilla,67
falling,67
branch,67
figure,67
magical,66
dry,66
tale,66
treasure,66
bit,66
division,66
inspired,66
written,66
son,66
anyone,65
perhaps,65
lion,65
cliff,65
park,65
sit,65
registered,65
return,65
riding,65
change,65
lay,65
shore,64
box,64
shining,64
emerald,64
breakfast,64
tail,64
careful,64
important,64
feather,64
speak,63
list,63
fact,63
riddle,63
quick,63
weird,63
opening,63
worried,63
discover,63
kid,62
loud,62
understand,62
poor,62
trumpet,62
prairie,62
dirt,62
full,62
problem,62
hurt,61
flying,61
adventure,61
china,61
cart,61
brave,61
truly,61
stuck,61
hallway,60
grandmother,60
silently,60
kangaroo,60
fine,60
ledge,59
round,59
row,59
storm,59
candlelight,59
key,59
smoke,59
silk,59
trip,59
bet,59
flower,58
completely,58
sunrise,58
tide,58
train,58
helping,58
glad,58
doorway,58
amazing,58
rolled,58
question,57
straight,57
blizzard,57
language,57
whoa,57
entrance,57
mud,57
shut,57
invitation,57
iron,57
minute,57
shaking,56
plain,56
break,56
librarian,56
spoke,56
changed,56
stallion,56
stuff,56
taking,56
season,56
feeling,55
bottom,55
diamond,55
empty,55
waving,55
cove,55
fright,55
gently,54
bedtime,54
charged,54
sleigh,54
wagon,54
interesting,54
ahead,54
fly,53
ho,53
circle,53
hunter,53
desert,53
dusty,53
exciting,53
cup,53
lunchtime,53
nuts,53
beauty,53
wildly,53
revolution,53
tired,53
painting,53
burning,53
alive,53
dedication,52
riches,52
forever,52
center,52
poem,52
sundown,52
during,52
anymore,52
trouble,52
truth,52
faraway,52
cloth,51
plan,51
folklore,51
become,51
barely,51
sneak,51
fever,51
super,51
tiger,51
trunk,51
nature,51
daybreak,51
least,50
illustrated,50
whistle,50
soldier,50
crack,50
fog,50
text,50
singing,50
asking,50
invite,50
group,50
guy,50
excerpt,50
west,50
sight,50
silence,49
simple,49
scary,49
kitchen,49
funny,49
foot,49
coat,49
horn,49
reserved,49
hidden,49
noise,49
fur,49
half,49
steep,49
working,48
dinosaur,48
losing,48
bamboo,48
instead,48
fair,48
studied,48
purple,48
beneath,48
message,48
middle,48
except,48
literature,48
struggling,48
sidewalk,47
frozen,47
theater,47
lowered,47
shelf,47
pass,47
jacket,47
publication,47
chest,47
pretty,47
independent,47
data,47
carriage,47
ill,47
um,47
spread,47
narrow,47
rocky,47
sentence,46
courtyard,46
clear,46
summary,46
bike,46
burst,46
finish,46
finished,46
wisdom,46
cheer,46
study,45
public,45
shell,45
heading,45
slope,45
gale,45
burned,45
bank,45
clearing,45
dancing,45
thin,45
step,45
leaving,45
kidding,45
fan,45
supposed,45
sweet,45
bored,45
pale,45
country,44
spinning,44
spider,44
skin,44
rise,44
saint,44
stream,44
strong,44
several,44
available,44
wake,44
buddy,44
point,44
mammoth,44
human,44
imagine,44
pleasure,44
monkey,44
majesty,44
kingdom,44
dress,44
party,44
promise,44
snowy,43
bow,43
overhead,43
glass,43
yourself,43
laugh,43
thinking,43
carry,43
fall,43
monastery,43
quite,42
finger,42
additional,42
nearby,42
bookshelf,42
twig,42
sigh,42
terrific,42
robe,42
sleep,42
contributing,42
pink,42
hanging,41
fresh,41
sneakers,41
gathered,41
broken,41
spring,41
busy,41
probably,41
bare,41
lantern,41
quietly,40
prologue,40
carrying,40
peep,40
shirt,40
monk,40
grove,40
hit,40
island,40
sing,40
vanished,40
joy,40
saying,40
join,40
darkness,40
downstairs,40
professor,40
hollow,40
couple,39
damp,39
corn,39
medallion,39
lonely,39
breathe,39
stick,39
works,39
heat,39
rising,39
powerful,39
happen,39
ruler,38
stag,38
money,38
icy,38
riverbank,38
aye,38
scared,38
cabin,38
easy,38
climbing,38
themselves,38
perfect,38
parade,38
cat,38
hole,38
serious,37
added,37
setting,37
strength,37
dinner,37
donkey,37
deck,37
job,37
star,37
chilly,37
thunder,37
art,37
laughter,37
dance,37
throat,37
whatever,37
slow,37
nurse,37
honey,36
lovely,36
tea,36
pouch,36
wear,36
hardly,36
favorite,36
scholar,36
myself,36
chapter,36
direction,36
valley,35
till,35
ceiling,35
surprised,35
courage,35
legend,35
velvet,35
death,35
fight,35
wig,35
glowing,35
grown,35
board,35
baboon,35
someday,35
spirit,35
palm,35
owl,35
bark,35
frost,34
pirate,34
brilliant,34
clown,34
grow,34
camel,34
glow,34
jeans,34
future,34
explain,34
statue,34
loudly,34
snake,34
basket,33
reader,33
fancy,33
international,33
weather,33
aside,33
surface,33
flash,33
helicopter,33
lose,33
haven,33
trademark,33
tomorrow,33
repeated,33
friendly,33
rough,33
smell,33
teacher,33
search,33
following,33
ear,33
tightly,33
card,33
sub,33
shot,33
mini,33
shark,32
license,32
fighting,32
relief,32
happening,32
sadly,32
seat,32
bucket,32
beach,32
sleeping,32
sparkling,32
john,32
mask,32
attention,32
asleep,32
swim,32
army,32
eating,32
piano,32
wolf,31
mount,31
pan,31
cut,31
tomb,31
protect,31
grand,31
warrior,31
shaped,31
fierce,31
starting,31
escape,31
shadow,31
zoo,31
carved,31
buried,31
base,31
century,30
shape,30
shouting,30
memory,30
squid,30
bone,30
leaf,30
calling,30
beard,30
roar,30
shadowy,30
dirty,30
angel,30
herself,30
size,30
shh,30
lord,30
cape,30
village,30
staff,30
tap,30
appear,29
attack,29
saddle,29
hungry,29
trapped,29
papa,29
floating,29
chair,29
definitely,29
pyramid,29
throne,29
nest,29
chief,29
gathering,29
museum,29
matter,29
stable,29
excellent,29
grab,29
cracked,29
coal,28
swimming,28
telling,28
lead,28
sense,28
handle,28
danger,28
grin,28
cauldron,28
tapestry,28
canal,28
clock,28
invisible,28
gentle,28
royal,28
ourselves,28
shimmering,28
index,28
nowhere,28
shop,28
platform,28
evil,28
race,28
finding,27
cry,27
screen,27
faded,27
temple,27
rabbit,27
painted,27
mane,27
lightning,27
violin,27
jellyfish,27
dried,27
poet,27
string,27
coast,27
sack,27
wisely,27
disappear,27
freezing,27
pair,27
dangerous,27
shake,27
case,26
mystery,26
audience,26
olive,26
ink,26
sip,26
jazz,26
child,26
breathing,26
cross,26
act,26
impossible,26
fictional,26
fruit,26
pay,26
wise,26
camp,26
gather,26
hiding,26
thou,26
drawing,26
bus,26
leg,26
color,26
upon,26
historical,25
huh,25
limited,25
distant,25
surprise,25
scene,25
hut,25
lamp,25
sheep,25
pen,25
orange,25
misty,25
flat,25
puck,25
panic,25
north,25
umbrella,25
especially,25
brush,25
pounding,25
reason,25
endangered,25
carpet,25
armor,25
east,25
shiny,25
greatest,25
dome,25
simultaneously,24
moonlit,24
trust,24
roof,24
confused,24
turkey,24
fat,24
hmm,24
stack,24
onward,24
push,24
realm,24
leopard,24
aboard,24
torn,24
tongue,24
clean,24
listening,24
backward,24
breaking,24
daylight,24
area,24
terrace,24
cottage,23
ha,23
scarf,23
teaching,23
forgotten,23
arched,23
giving,23
forth,23
feast,23
hearth,23
puzzled,23
colored,23
tight,23
hood,23
whale,23
angry,23
bite,23
actual,23
beginning,23
butter,23
seeing,23
mummy,23
leading,23
splash,23
curved,23
beat,23
silly,23
paint,23
lined,23
milk,23
calmly,23
species,23
moat,23
spend,23
peaceful,23
main,23
passing,22
buggy,22
rushing,22
dove,22
muddy,22
possible,22
market,22
sticking,22
split,22
scientist,22
jump,22
news,22
meadow,22
entirely,22
meat,22
greatness,22
training,22
reef,22
mistake,22
winged,22
gaze,22
mighty,22
helmet,22
servant,22
ball,22
growing,22
crown,22
fairy,22
pipe,21
halt,21
bench,21
weaver,21
cowboy,21
camera,21
sort,21
lucky,21
gleaming,21
lift,21
complete,21
goodness,21
destiny,21
imagined,21
crowded,21
chariot,21
straw,21
awake,21
knot,21
missed,21
battle,21
knowledge,21
rare,21
crossing,21
spot,21
shy,21
institute,21
yesterday,21
steady,21
prove,21
legendary,21
fort,21
missing,21
rolling,20
crew,20
mango,20
peace,20
totally,20
cook,20
packed,20
nursery,20
washed,20
quest,20
patch,20
miracle,20
shyly,20
throw,20
deal,20
wife,20
hunt,20
pony,20
less,20
speed,20
belt,20
stunned,20
lake,20
horror,20
rich,20
dining,20
power,20
south,20
autumn,20
kill,20
steal,20
solve,20
dim,19
herd,19
gondola,19
beak,19
sharp,19
drummer,19
fiery,19
poetry,19
chamber,19
lane,19
honor,19
whisper,19
ordinary,19
farewell,19
philosopher,19
church,19
faint,19
cozy,19
variety,19
ordered,19
plant,19
shallow,19
passage,19
rumbling,19
pond,19
saving,19
anyway,19
military,19
deer,19
touch,19
precious,19
speech,19
weary,19
solstice,19
canoe,19
sunny,19
weight,19
wool,19
grinning,19
eventually,18
keeping,18
coral,18
oil,18
pile,18
mark,18
staircase,18
bedroom,18
march,18
reach,18
teach,18
tent,18
visiting,18
beam,18
meaning,18
merry,18
chopper,18
potato,18
computer,18
cab,18
haze,18
central,18
leafy,18
settled,18
challenger,18
barefoot,18
frantically,18
somehow,18
artist,18
tunnel,18
notice,18
sick,18
seller,18
swirl,18
clearly,18
growl,18
governor,18
swinging,18
desperately,18
whistling,18
whoop,18
yup,18
blind,18
log,17
sliding,17
dig,17
em,17
policeman,17
jumping,17
spear,17
landing,17
streetcar,17
curiosity,17
howling,17
darn,17
giraffe,17
showing,17
glittering,17
desk,17
turning,17
pick,17
crying,17
machine,17
coincidental,17
prepared,17
shout,17
curly,17
sail,17
resemblance,17
ragged,17
parrot,17
traveling,17
experience,17
excited,17
cheese,17
coach,17
banana,17
stormy,17
tough,17
gust,17
wounded,17
parlor,17
metal,17
eager,17
schoolhouse,16
science,16
brick,16
agreed,16
railing,16
lend,16
relieved,16
lava,16
taxi,16
belong,16
weaving,16
twisted,16
bearded,16
homework,16
sunshine,16
rainbow,16
hah,16
rainy,16
familiar,16
grazing,16
pain,16
certain,16
certainly,16
perfectly,16
eagle,16
walkway,16
underwater,16
disaster,16
blacksmith,16
thief,16
carol,16
chimney,16
empire,16
winding,16
cute,16
neat,16
sailing,16
commander,16
meeting,16
cheek,16
wildlife,16
pinch,16
moss,16
blast,16
pioneer,16
cage,16
folded,16
completed,16
treat,16
mule,16
burn,16
cellar,16
thread,16
mythical,16
lunch,16
hospital,16
balance,16
choice,16
countryside,16
slip,15
single,15
pretend,15
spent,15
native,15
loose,15
miserable,15
net,15
collar,15
flag,15
furry,15
potion,15
besides,15
further,15
recently,15
freeze,15
amazed,15
fireplace,15
feed,15
swirling,15
drink,15
fence,15
talent,15
smooth,15
flowing,15
horizon,15
surely,15
western,15
respect,15
aunt,15
photograph,15
stupid,15
version,15
brightly,15
enjoy,15
vampire,15
born,15
directly,15
leader,15
incredible,15
view,15
week,15
alongside,15
costume,15
nervously,14
simply,14
double,14
chin,14
farm,14
skinny,14
bent,14
peek,14
enchanted,14
paid,14
itself,14
flickering,14
seriously,14
purpose,14
reindeer,14
draw,14
gigantic,14
myth,14
thee,14
warning,14
humility,14
deadly,14
marble,14
general,14
hotel,14
caption,14
valuable,14
compass,14
fault,14
wrinkled,14
allow,14
inspire,14
duke,14
onstage,14
lagoon,14
burial,14
limitation,14
halfway,14
number,14
skirt,14
lie,14
bay,14
flooded,14
joyful,14
received,14
embarrassed,14
chill,14
rounded,14
crocodile,14
lesson,14
handwriting,14
ankle,14
sunlit,14
hang,14
demo,14
mound,14
upstairs,14
rescue,14
instrument,14
bicycle,14
blur,14
fool,14
build,14
fade,14
cast,14
dolphin,14
destroyed,14
creative,14
rosy,14
apart,13
shooting,13
colorful,13
fresco,13
easily,13
bony,13
drawer,13
medicine,13
concerning,13
mare,13
stolen,13
pilgrim,13
among,13
jug,13
worn,13
bison,13
match,13
vest,13
drive,13
waste,13
unless,13
forehead,13
vast,13
dive,13
blanket,13
fading,13
begin,13
rowing,13
evening,13
suit,13
quill,13
dizzy,13
cooking,13
cricket,13
pot,13
desperate,13
popular,13
suppose,13
excitement,13
trembling,13
expect,13
closing,13
buy,13
scattered,13
exhibit,13
ringing,13
outdoor,13
tribe,13
locked,13
bazaar,13
mythology,13
woven,13
smart,13
bowl,13
collect,13
humble,13
seaweed,13
crashing,13
band,13
messenger,13
barn,13
gracefully,13
mirror,13
wondrous,13
nervous,13
flight,13
selling,13
spotted,13
compassion,12
dialogue,12
sacred,12
proof,12
startled,12
intended,12
screaming,12
store,12
civilization,12
wheel,12
rider,12
bend,12
sell,12
cow,12
ta,12
speaking,12
depict,12
weigh,12
sweep,12
sweatshirt,12
swan,12
sushi,12
closely,12
agree,12
grassy,12
lab,12
tin,12
tear,12
soaked,12
cream,12
sake,12
married,12
marching,12
apron,12
hyena,12
picking,12
canopy,12
woolly,12
globe,12
bother,12
wavy,12
hop,12
lower,12
cathedral,12
stomach,12
butler,12
raincoat,12
orchard,12
fit,12
fireworks,12
fame,12
shaky,12
fill,12
sleek,12
nightmare,12
universe,12
fantasy,12
cooler,12
mustache,12
uniform,12
exception,12
amendment,12
waist,12
bunch,12
according,11
duck,11
furniture,11
ugly,11
spray,11
peacock,11
deserted,11
choose,11
collapsed,11
hushed,11
date,11
prepare,11
writer,11
sock,11
medieval,11
oops,11
bushy,11
greet,11
frightened,11
sickness,11
waiter,11
blinding,11
ruined,11
shared,11
oar,11
roaring,11
grandfather,11
knock,11
awe,11
knee,11
female,11
chunk,11
sandwich,11
officer,11
enormous,11
beware,11
ahh,11
scientific,11
glaring,11
game,11
everyday,11
kindness,11
enter,11
soup,11
puffy,11
hilltop,11
prison,11
chopsticks,11
rhino,11
spreading,11
grateful,11
tunic,11
continent,11
happily,11
safely,11
cheerfully,11
avalanche,11
nope,11
trick,11
wobbly,11
nightfall,11
pound,11
lightly,11
sweeping,11
flame,11
explore,11
jaguar,11
fixed,11
groom,11
forgive,11
powder,11
expression,11
station,11
responsibility,11
drop,11
canvas,10
bang,10
inspiration,10
jar,10
alley,10
major,10
office,10
goose,10
male,10
thirsty,10
prehistoric,10
portrait,10
leash,10
pilot,10
crater,10
bunny,10
creepy,10
curtain,10
clump,10
bitter,10
dazed,10
tune,10
sandy,10
caravan,10
starry,10
pine,10
copy,10
barrel,10
terror,10
rotten,10
prey,10
test,10
thicket,10
battlefield,10
survive,10
mansion,10
aquarium,10
sleeve,10
sorrow,10
candle,10
bourbon,10
dreaming,10
amazement,10
chase,10
milky,10
silvery,10
unhappy,10
curious,10
movement,10
cause,10
glove,10
walled,10
patient,10
fountain,10
spit,10
gloved,10
odd,10
national,10
wash,10
illustration,10
subject,10
council,10
camouflage,10
opposite,10
ashore,10
throughout,10
smoky,10
greatly,10
parked,10
type,10
python,10
polite,10
parka,10
politely,10
fuzzy,10
paw,10
taste,10
oyster,10
hunting,10
display,10
driving,10
dare,10
dimly,10
baked,10
period,10
sailor,10
mostly,10
pearl,9
ripped,9
expert,9
twice,9
hind,9
grip,9
hillside,9
hearing,9
cobblestone,9
chain,9
helper,9
lonesome,9
loft,9
ash,9
tan,9
length,9
bathing,9
pool,9
scent,9
brass,9
newspaper,9
raft,9
blank,9
arrive,9
altitude,9
bulky,9
shaggy,9
rubble,9
grasshopper,9
loaf,9
spoken,9
coffee,9
seek,9
grain,9
gum,9
government,9
racing,9
highway,9
upset,9
succeed,9
introduce,9
beating,9
design,9
streak,9
conductor,9
command,9
piercing,9
project,9
chocolate,9
husband,9
comfort,9
pie,9
force,9
seawater,9
yell,9
accept,9
enemy,9
sketch,9
dugout,9
daytime,9
orphan,9
warn,9
marine,9
friendship,9
tour,9
cheerful,9
proper,9
incredibly,9
create,9
elegant,9
towel,9
torch,9
pillow,9
shock,9
vine,9
checked,9
slate,9
anybody,9
illustrator,9
mossy,9
mosquito,9
craggy,9
whip,9
jail,9
knocking,9
ye,9
drove,9
clumsily,9
glacial,9
collection,9
stuffed,9
separated,9
terribly,9
mmm,9
chess,9
regular,9
usual,9
admit,9
present,9
offered,9
modern,9
outer,9
managed,9
festival,9
trail,9
colossal,9
seagull,9
instant,8
handful,8
exhausted,8
pitch,8
jewel,8
union,8
spine,8
chew,8
delicious,8
vision,8
sticky,8
harm,8
deliver,8
lest,8
rocking,8
ax,8
instance,8
steel,8
budge,8
haul,8
hay,8
stiff,8
blocked,8
bat,8
sharing,8
pointy,8
leap,8
lean,8
botanist,8
kiss,8
structure,8
wade,8
lap,8
horseback,8
clay,8
windy,8
winning,8
highly,8
direct,8
hopeless,8
awful,8
photographer,8
escaped,8
clang,8
crumbling,8
hoarse,8
lad,8
pleased,8
hero,8
housekeeper,8
example,8
dynamite,8
voyage,8
joke,8
storytelling,8
broom,8
digging,8
beloved,8
jungle,8
stairway,8
howl,8
attached,8
crushed,8
hush,8
boulder,8
vanish,8
crow,8
nursing,8
strip,8
handbook,8
modestly,8
nobody,8
dotted,8
shade,8
trusted,8
acting,8
rice,8
farmer,8
actor,8
practice,8
drinking,8
freedom,8
mama,8
proud,8
tank,8
motion,8
tangled,8
smoothly,8
tame,8
created,8
curb,8
lip,8
trio,8
car,8
furious,8
thy,8
teenage,8
rude,8
feathery,8
cannon,8
woolen,8
magnolia,8
magnificent,8
crawl,8
softened,8
daze,8
capital,8
princess,8
blend,8
private,8
mass,8
mat,8
nation,8
gong,8
sinking,8
math,8
track,8
grief,8
passenger,8
foam,8
shed,8
trained,8
pajamas,8
noisy,8
remarkable,8
limestone,8
divine,8
button,8
trap,8
swiftly,8
swish,8
flora,8
blown,8
angrily,8
booth,8
add,8
scare,8
flood,8
trade,8
fiercely,7
alas,7
bleak,7
month,7
cherry,7
cracking,7
skid,7
tsunami,7
screech,7
shawl,7
soaring,7
gas,7
butterfly,7
burlap,7
oven,7
steam,7
rush,7
interior,7
knapsack,7
ghostly,7
steaming,7
award,7
tundra,7
athlete,7
ferocious,7
interested,7
related,7
colt,7
moan,7
parchment,7
gear,7
van,7
stacked,7
fluttering,7
comfortable,7
shoot,7
balcony,7
reported,7
accomplished,7
blood,7
frantic,7
difficult,7
breathlessly,7
tornado,7
worthy,7
eh,7
flaming,7
stampede,7
drizzle,7
protection,7
win,7
ridiculous,7
jelly,7
rumble,7
float,7
die,7
planning,7
inn,7
egg,7
meal,7
stove,7
tie,7
whirlwind,7
folk,7
veil,7
filling,7
final,7
eerie,7
medical,7
concrete,7
frontier,7
relax,7
translate,7
ooze,7
apartment,7
briskly,7
common,7
trousers,7
emergency,7
wildfire,7
connected,7
glade,7
spree,7
heh,7
briefcase,7
failed,7
shady,7
lively,7
load,7
crutch,7
covering,7
doom,7
law,7
deeply,7
accidentally,7
alert,7
continue,7
booming,7
looming,7
curiously,7
sounding,7
farmhouse,7
hermit,7
everybody,7
challenge,7
soothing,7
radio,7
remind,7
eagerly,7
lemonade,7
sweat,7
undo,7
normal,7
clue,7
convinced,7
cautiously,7
cloudless,7
extra,7
within,7
extraordinary,7
legacy,7
northwestern,7
dying,7
positive,7
underneath,7
haste,7
position,7
guided,7
hate,7
closet,7
slide,7
crystal,7
team,7
greasy,7
poisonous,7
sudden,7
borrow,7
whenever,7
magically,7
bakery,7
canyon,7
goddess,7
section,7
telephone,7
recommended,7
fauna,7
archway,7
spoon,7
gloom,7
shriek,7
court,7
pressing,7
maiden,7
afford,7
changing,7
neatly,7
beehive,7
photo,6
lace,6
official,6
nonsense,6
dazzling,6
catfish,6
buttermilk,6
celebrate,6
current,6
delicate,6
charge,6
shower,6
lightbulb,6
knowing,6
reporter,6
signed,6
deafening,6
label,6
solid,6
squawk,6
slippery,6
lid,6
canteen,6
cruel,6
passageway,6
shattered,6
speechless,6
wing,6
curve,6
loving,6
rhythm,6
backing,6
pathway,6
mid,6
sink,6
slavery,6
brain,6
owner,6
opera,6
luckily,6
bar,6
splendid,6
melted,6
campfire,6
bush,6
capture,6
juvenile,6
shrimp,6
crooked,6
admire,6
bravely,6
broad,6
per,6
bundle,6
sparkle,6
blended,6
mortal,6
baking,6
soot,6
beast,6
layer,6
checking,6
massive,6
avenue,6
wipe,6
stamped,6
jewelry,6
stall,6
lawn,6
cub,6
echo,6
scream,6
arch,6
puppy,6
film,6
funnel,6
rug,6
ferry,6
wander,6
feeding,6
apple,6
studio,6
horrified,6
sweaty,6
blade,6
feathered,6
plenty,6
chorus,6
however,6
stroke,6
quarter,6
whipped,6
wallet,6
gateway,6
swing,6
dusk,6
stretch,6
county,6
gig,6
reckon,6
honest,6
fin,6
clothing,6
fluffy,6
heap,6
tracker,6
proudly,6
forced,6
healthy,6
forum,6
climber,6
foolish,6
warmly,6
hazy,6
recent,6
hated,6
hatch,6
whether,6
harvest,6
runner,6
sugar,6
suffering,6
praise,6
hiker,6
promised,6
boiling,6
drum,6
firm,6
timeless,6
possibly,6
rippling,6
twinkle,6
recognize,6
collected,6
childhood,6
predator,6
attitude,6
gown,6
player,6
stinging,6
chicken,6
gripping,6
couch,6
inner,6
encyclopedia,6
rat,6
scar,6
rattlesnake,6
bloody,6
graceful,6
raw,6
villa,6
steering,6
electric,6
grandson,6
block,6
eel,6
record,6
interest,6
inch,6
engine,6
symbol,6
waterfront,6
rainwater,6
plate,6
satchel,6
raging,6
anxiously,5
dripping,5
community,5
sore,5
architecture,5
worth,5
mess,5
blackberry,5
press,5
mere,5
merchant,5
dreadful,5
temperature,5
riverboat,5
soggy,5
peacefully,5
doubt,5
tattered,5
collecting,5
giddy,5
decorated,5
company,5
precisely,5
granny,5
pride,5
wound,5
sadness,5
candy,5
countless,5
salty,5
tip,5
mainly,5
anonymous,5
peak,5
dozen,5
salt,5
matched,5
captive,5
lump,5
glory,5
goofy,5
fury,5
pavilion,5
furiously,5
baggy,5
gloomy,5
dreary,5
daughter,5
lover,5
paying,5
product,5
service,5
washing,5
downhill,5
pea,5
frosty,5
pedal,5
sniff,5
sneeze,5
thoughtfully,5
protected,5
flesh,5
towering,5
northern,5
bubbling,5
upper,5
nut,5
returning,5
exact,5
examine,5
reverse,5
excitedly,5
radiant,5
exploration,5
object,5
painter,5
bug,5
route,5
unexpected,5
creeping,5
nod,5
noble,5
fail,5
faintly,5
era,5
equal,5
dusky,5
encounter,5
restaurant,5
visor,5
crest,5
shield,5
elderly,5
ostrich,5
crisis,5
shiver,5
bronze,5
robber,5
envelope,5
cough,5
energy,5
offshore,5
cork,5
accident,5
useful,5
shorts,5
padded,5
urgent,5
rubber,5
similar,5
drool,5
drown,5
sleepy,5
triumph,5
monstrous,5
floppy,5
partly,5
reward,5
molasses,5
reptile,5
cabinet,5
flowery,5
fist,5
mocking,5
slightly,5
sling,5
represent,5
tray,5
foggy,5
traffic,5
sloping,5
warmth,5
drumming,5
pumpkin,5
fantastic,5
turban,5
consul,5
fare,5
bumpy,5
shabby,5
fate,5
napkin,5
dune,5
paradise,5
wan,5
roam,5
anger,5
musician,5
burly,5
rugged,5
filthy,5
skip,5
alarmed,5
mouthpiece,5
concert,5
skull,5
loom,5
soccer,5
spooky,5
heck,5
ripple,5
awkwardly,5
scratchy,5
handmade,5
stool,5
background,5
dignity,5
border,5
guest,5
perform,5
arrest,5
gruff,5
honored,5
system,5
coax,5
height,5
boring,5
pour,5
liquid,5
remain,5
gull,5
avid,5
hoop,5
strap,5
surge,5
leaning,5
juice,5
joyous,5
student,5
secretary,5
horrible,5
striped,5
immediately,5
belly,5
performing,5
impatiently,5
strangely,5
surprisingly,5
avoid,5
hopefully,5
stored,5
spelling,5
cell,5
planet,5
hound,5
sperm,5
deepest,5
delighted,5
subway,5
coveralls,5
describe,5
ridge,5
despite,5
developed,5
suggested,5
lone,5
pit,5
instantly,5
boss,5
pet,5
heroic,5
spilled,5
weakly,5
blackness,5
innocent,5
insect,5
sternly,5
post,5
brake,5
keeper,5
success,5
defeated,5
reflected,5
aftershock,5
invention,5
curling,4
twirl,4
blaze,4
bully,4
nap,4
constellation,4
picnic,4
relaxed,4
fastest,4
bump,4
nearest,4
consider,4
panicked,4
striking,4
naval,4
feared,4
kindly,4
conservation,4
dungeon,4
squeaky,4
favor,4
tube,4
bargain,4
labeled,4
alarm,4
cutter,4
laboratory,4
finishing,4
submarine,4
puppet,4
truck,4
mountaintop,4
mountainside,4
regent,4
slave,4
motor,4
puffing,4
puff,4
successful,4
flashing,4
butcher,4
rifle,4
hometown,4
squash,4
plump,4
barber,4
feeble,4
situation,4
character,4
mysteriously,4
tumbling,4
cushion,4
musty,4
rudder,4
confusing,4
boil,4
conflict,4
fighter,4
hooded,4
honk,4
cigar,4
muffled,4
fascinating,4
sill,4
shaded,4
elk,4
corridor,4
shocked,4
opinion,4
vessel,4
bound,4
verse,4
innkeeper,4
pinched,4
stiffly,4
sting,4
planned,4
blossom,4
adult,4
root,4
enthusiasm,4
entire,4
shoreline,4
jersey,4
attic,4
retrieve,4
ray,4
twist,4
starving,4
volcanic,4
blinking,4
educate,4
educated,4
rear,4
realize,4
belief,4
steamy,4
behavior,4
intelligence,4
steadily,4
wilderness,4
electricity,4
originally,4
original,4
crisp,4
shine,4
responsible,4
ease,4
paddle,4
blazing,4
storage,4
raise,4
extinction,4
eyeball,4
playfully,4
conversation,4
unable,4
reserve,4
roasted,4
amazingly,4
bulb,4
windowsill,4
fake,4
continued,4
charred,4
twisting,4
choppy,4
charm,4
barren,4
whirl,4
stretcher,4
advice,4
windmill,4
alike,4
unusual,4
plaster,4
equipment,4
storeroom,4
upward,4
shrill,4
pail,4
event,4
cheap,4
chilled,4
exit,4
untie,4
imaginative,4
unthinkable,4
cookie,4
rotting,4
platter,4
chime,4
exist,4
aisle,4
practiced,4
delightful,4
handsome,4
ticket,4
gross,4
cloudy,4
procession,4
coin,4
bee,4
club,4
proceed,4
appearance,4
gooey,4
teenager,4
material,4
separate,4
baker,4
mate,4
bonfire,4
dressing,4
tiled,4
perch,4
worrying,4
memorize,4
wax,4
melting,4
tiptoe,4
switch,4
spiky,4
swallow,4
sailboat,4
serve,4
talented,4
medal,4
patio,4
snort,4
dashing,4
measure,4
lowland,4
telescope,4
television,4
mend,4
boo,4
gumbo,4
lighter,4
priceless,4
manner,4
balanced,4
lighting,4
geologist,4
thankful,4
gun,4
colony,4
performance,4
lime,4
drag,4
recorded,4
guarded,4
glorious,4
risk,4
generous,4
chewing,4
reddish,4
society,4
clumsy,4
thrust,4
thrilled,4
repeating,4
cluster,4
coldly,4
combine,4
goat,4
threatened,4
sod,4
diving,4
gymnasium,4
sofa,4
dock,4
goblet,4
report,4
boom,4
cavern,4
rusty,4
ceremony,4
awhile,4
disguise,4
focus,4
trash,4
mix,4
dropping,4
climate,4
discuss,4
weeping,4
passion,4
traditional,4
dancer,4
suspiciously,4
loss,4
dough,4
wreath,4
model,4
tangle,4
landscape,4
trim,4
request,4
particular,4
suffer,4
flock,4
renaissance,4
concentrate,4
code,4
herder,4
grape,4
depression,4
cousin,4
cleaning,4
chalk,4
drowning,4
latch,4
spite,4
boot,4
scenery,4
suspenders,4
freshly,4
loading,4
migrate,4
heal,4
pepper,4
breast,4
wistfully,4
tombstone,4
microscope,4
metropolitan,4
wealthy,4
permission,4
meteorite,4
celebrated,4
messy,4
begging,4
safety,4
daring,4
pat,4
religion,4
cling,4
mirage,4
cargo,4
depart,4
smoking,4
form,4
gradually,4
democracy,4
mercy,4
grinder,4
presence,3
brightness,3
peeled,3
overhang,3
rendezvous,3
range,3
repeat,3
powdered,3
satin,3
practical,3
roller,3
roll,3
rod,3
pebble,3
bouncing,3
biscuit,3
ribbon,3
pouring,3
seafood,3
precipice,3
pole,3
process,3
roasting,3
passport,3
seating,3
rely,3
rip,3
patience,3
quartet,3
quake,3
sewing,3
bidding,3
breeding,3
blame,3
perspiration,3
scrawny,3
scrunch,3
proven,3
bodyguard,3
release,3
breathless,3
parting,3
particularly,3
punish,3
boldly,3
poison,3
rung,3
police,3
playground,3
seize,3
pattern,3
rowdy,3
rooftop,3
bless,3
recognized,3
sash,3
scruffy,3
selfish,3
behave,3
remains,3
printing,3
reveal,3
revealing,3
payment,3
rage,3
biologist,3
rabies,3
sale,3
seated,3
playful,3
biography,3
quit,3
review,3
beg,3
bluish,3
sealed,3
restless,3
strangle,3
holiday,3
assure,3
explanation,3
wandering,3
ward,3
hired,3
historic,3
hitting,3
wasted,3
expedition,3
sturdy,3
dread,3
airport,3
cinnamon,3
stump,3
dramatic,3
airlock,3
cleaner,3
count,3
watery,3
edition,3
eerily,3
surprising,3
artwork,3
surf,3
support,3
football,3
heaven,3
volunteer,3
assume,3
cot,3
heavily,3
cotton,3
helpful,3
eastern,3
vulture,3
expected,3
waterfall,3
chubby,3
surrounding,3
afloat,3
injured,3
weave,3
stew,3
underworld,3
stern,3
wee,3
aged,3
intently,3
stirring,3
introduction,3
steak,3
inventor,3
inviting,3
disappearing,3
state,3
ivory,3
flap,3
independence,3
chowder,3
unbelievable,3
trench,3
hull,3
aha,3
fleet,3
hurl,3
doctor,3
identified,3
divided,3
restored,3
attempt,3
strand,3
stout,3
disturbed,3
trot,3
incandescent,3
concentration,3
surround,3
suspect,3
jam,3
value,3
escort,3
touching,3
apprentice,3
thorny,3
companion,3
fossil,3
fortunate,3
engraved,3
threat,3
gesture,3
theatrical,3
testing,3
tested,3
tourist,3
tenderly,3
tend,3
thoughtful,3
garbage,3
goldfish,3
applause,3
toil,3
unwrapped,3
apologize,3
upbeat,3
tights,3
comforting,3
fully,3
evergreen,3
combined,3
tidal,3
uphill,3
comet,3
gain,3
copper,3
total,3
upside,3
goal,3
gosh,3
harness,3
vinegar,3
video,3
grocery,3
viewing,3
arrival,3
tag,3
arrogant,3
unknown,3
foreign,3
grimy,3
unison,3
hail,3
sweater,3
harbor,3
hardcover,3
swamp,3
harmless,3
toy,3
greenish,3
tee,3
gratitude,3
vegetation,3
veiled,3
cornmeal,3
grainy,3
coffin,3
ark,3
velvety,3
gravel,3
cocoa,3
graveyard,3
annoying,3
victim,3
victory,3
graze,3
grease,3
greedy,3
jagged,3
wherever,3
starlight,3
decision,3
buying,3
slender,3
sleet,3
slay,3
bustling,3
slab,3
wrapping,3
ski,3
muscle,3
daily,3
credit,3
fellow,3
cutting,3
nah,3
wrestling,3
wrist,3
bun,3
buzzing,3
slice,3
moist,3
mermaid,3
snowball,3
stare,3
mechanical,3
snore,3
melt,3
worker,3
tub,3
smelly,3
confusion,3
fewer,3
bandage,3
dash,3
cackle,3
banish,3
creativity,3
mixed,3
navy,3
nay,3
necessary,3
shopkeeper,3
amber,3
crumbled,3
occur,3
battered,3
offer,3
offering,3
shopping,3
fascinated,3
oasis,3
shoe,3
shocking,3
croak,3
shift,3
consultant,3
outdoors,3
ambassador,3
shovel,3
ambulance,3
fed,3
conquer,3
neighbor,3
netting,3
newborn,3
newly,3
curl,3
nickname,3
accompany,3
culture,3
shudder,3
basic,3
crushing,3
noose,3
fearful,3
budding,3
sideways,3
wrought,3
snowmobile,3
decide,3
confuse,3
leftover,3
adopted,3
destroy,3
lasting,3
extinct,3
awkward,3
spiral,3
wine,3
spicy,3
firmly,3
wink,3
winner,3
speeding,3
wintry,3
lifting,3
speckled,3
active,3
ladle,3
lack,3
dense,3
keyboard,3
jolly,3
stale,3
stairwell,3
journalist,3
aw,3
fix,3
kerosene,3
squirrel,3
wick,3
killing,3
squeeze,3
fishing,3
charging,3
concerned,3
whoever,3
sprained,3
linen,3
firing,3
listed,3
amphitheater,3
captivity,3
luminous,3
lush,3
someplace,3
adaptation,3
confident,3
defend,3
ad,3
defeat,3
crane,3
marry,3
socket,3
mashed,3
masked,3
mathematician,3
crash,3
dedicated,3
wisp,3
career,3
sour,3
longing,3
firestorm,3
spaghetti,3
local,3
fir,3
southwest,3
lock,3
southern,3
freely,3
source,3
lookout,3
unfortunately,2
unfriendly,2
unpredictable,2
uncontrollably,2
altogether,2
unlike,2
uncomfortably,2
unfinished,2
unspoken,2
uncomfortable,2
understanding,2
unlock,2
sheepishly,2
upriver,2
upstream,2
whilst,2
adore,2
windswept,2
wiry,2
wit,2
witch,2
rid,2
witness,2
rickety,2
woodpecker,2
achieve,2
blare,2
accused,2
wrap,2
rewrite,2
wrestler,2
accomplish,2
revisit,2
accidental,2
ya,2
yank,2
yellowed,2
yelp,2
youth,2
zigzag,2
affection,2
whiff,2
rink,2
visible,2
urchin,2
useless,2
utterly,2
vaguely,2
vanilla,2
vapor,2
vegetable,2
vibrant,2
role,2
vile,2
violently,2
aloft,2
rinsed,2
waddle,2
walnut,2
wanderer,2
warming,2
airy,2
wary,2
weak,2
agreement,2
weasel,2
ripe,2
weathered,2
uncle,2
berry,2
rub,2
spare,2
spirited,2
awning,2
selected,2
spending,2
self,2
specimen,2
sparingly,2
span,2
sport,2
spacious,2
soul,2
baggage,2
somebody,2
solving,2
solemnly,2
soil,2
spongy,2
secretly,2
atmosphere,2
stepmother,2
script,2
storyteller,2
attend,2
stony,2
stir,2
scuba,2
sculpture,2
stem,2
spout,2
steeple,2
seaside,2
automatically,2
stadium,2
awaken,2
spying,2
spy,2
softball,2
balancing,2
soar,2
bathroom,2
singer,2
silverware,2
shaft,2
silky,2
baseball,2
signal,2
bath,2
shrink,2
beef,2
shove,2
baton,2
shooter,2
shifting,2
sharply,2
shepherd,2
sheer,2
siphon,2
barbershop,2
sew,2
skating,2
soap,2
snug,2
snowstorm,2
bald,2
snap,2
snack,2
smokestack,2
serving,2
sesame,2
sliver,2
slimy,2
beautifully,2
skunk,2
settle,2
skeleton,2
stranger,2
strict,2
ugh,2
thirst,2
bewildered,2
thunderstorm,2
thump,2
thumb,2
thud,2
salted,2
saltwater,2
approach,2
toe,2
thinker,2
approve,2
approximately,2
theory,2
terrifying,2
tentacle,2
tenderness,2
timber,2
tooth,2
strike,2
treetop,2
tug,2
rudely,2
amid,2
ruin,2
rule,2
trolley,2
tremble,2
announce,2
bid,2
trailing,2
ruthless,2
trading,2
tracking,2
saber,2
answering,2
bill,2
technology,2
satisfy,2
teasing,2
style,2
sultan,2
suggestion,2
astonished,2
successfully,2
scientifically,2
subtract,2
astonishing,2
scissors,2
sauce,2
scowl,2
stupidity,2
scratching,2
stumbling,2
stumble,2
struggle,2
athletic,2
assistant,2
schoolteacher,2
assist,2
superior,2
tasting,2
shaved,2
task,2
armchair,2
armed,2
arrange,2
arrow,2
article,2
swift,2
swell,2
scatter,2
supper,2
scented,2
supernatural,2
scheduled,2
crescent,2
ability,2
cabbage,2
coo,2
faceless,2
converted,2
mention,2
eyebrow,2
mill,2
convince,2
exquisite,2
calendar,2
exposition,2
miserably,2
misery,2
explorer,2
experienced,2
exercise,2
mock,2
failure,2
modest,2
cooked,2
buttery,2
evoke,2
motel,2
business,2
coolly,2
cope,2
essay,2
murky,2
erupt,2
musket,2
mutant,2
entry,2
failing,2
meantime,2
drought,2
fearless,2
loaded,2
carve,2
concussion,2
cartilage,2
loop,2
carnivore,2
lousy,2
feudal,2
loyal,2
conjunction,2
connect,2
lumpy,2
madly,2
madness,2
makeup,2
control,2
favored,2
mall,2
maniac,2
mankind,2
mantle,2
mar,2
marked,2
mast,2
campsite,2
farmland,2
mausoleum,2
camping,2
maze,2
contest,2
muzzle,2
cord,2
naming,2
duty,2
echoing,2
organizing,2
easel,2
earthen,2
otherwise,2
ouch,2
outfit,2
earned,2
outlive,2
outlying,2
oval,2
overboard,2
overcoat,2
owe,2
oxygen,2
ensure,2
counter,2
painful,2
dump,2
dummy,2
brigade,2
dull,2
bridle,2
pane,2
panel,2
drying,2
counting,2
breezy,2
drumbeat,2
pardon,2
orderly,2
ooh,2
editor,2
education,2
enraged,2
enormously,2
neighborhood,2
nevertheless,2
bulging,2
engineer,2
endless,2
cornfield,2
enclosed,2
employer,2
bud,2
buckle,2
novel,2
nowadays,2
ember,2
numb,2
embarrassment,2
oatmeal,2
observation,2
elementary,2
observatory,2
observe,2
elected,2
brutal,2
elbow,2
oddly,2
effort,2
educational,2
brow,2
fired,2
casting,2
firewood,2
homesick,2
helpless,2
helplessly,2
goodnight,2
hemisphere,2
gnarled,2
hideous,2
classroom,2
glossy,2
clap,2
glisten,2
hive,2
clam,2
glide,2
holly,2
honestly,2
imaginary,2
hopeful,2
gingerbread,2
coloring,2
host,2
geography,2
hug,2
hunger,2
hunk,2
column,2
chopped,2
chirp,2
generation,2
illegally,2
gasp,2
click,2
hedge,2
heavenly,2
coil,2
gruesome,2
coaster,2
coastal,2
gulp,2
gym,2
growth,2
hack,2
cobweb,2
hairy,2
ham,2
hammer,2
grizzly,2
gritty,2
grit,2
clothe,2
grind,2
harmony,2
harp,2
harsh,2
hasten,2
grilled,2
grieving,2
haunting,2
closest,2
coconut,2
gravy,2
grave,2
grasp,2
grandma,2
illuminated,2
gaping,2
concentrated,2
cereal,2
chatter,2
foremost,2
charming,2
compete,2
kindergarten,2
foolishness,2
knife,2
knitting,2
fond,2
lacy,2
champion,2
focused,2
lately,2
flutter,2
lazily,2
impatient,2
leak,2
celebration,2
lecture,2
cease,2
flowering,2
lemon,2
lending,2
lessen,2
flour,2
flooding,2
cautious,2
limb,2
lining,2
link,2
fork,2
junkyard,2
junior,2
fortune,2
gap,2
gang,2
gallop,2
include,2
gallery,2
galaxy,2
gait,2
fuzz,2
incubator,2
furthermore,2
funeral,2
fund,2
injury,2
frown,2
insane,2
insist,2
instruction,2
insulting,2
chewy,2
intersection,2
invader,2
frequently,2
freak,2
framed,2
frame,2
frail,2
jerk,2
jet,2
founder,2
parking,2
grunt,2
drooping,2
pollution,2
darkened,2
rebuilding,2
darling,2
population,2
booty,2
creamy,2
crab,2
dip,2
creaking,2
creak,2
rarely,2
cradle,2
pottery,2
daydream,2
rake,2
dingy,2
dine,2
recapture,2
polished,2
pity,2
receiving,2
plane,2
customer,2
plantation,2
dismay,2
creep,2
plastic,2
cyclone,2
disguised,2
plight,2
recover,2
plot,2
damage,2
damaged,2
pointer,2
poke,2
recite,2
polish,2
dearly,2
powdery,2
debris,2
dime,2
destruction,2
blurry,2
delight,2
protest,2
dessert,2
pasture,2
queasy,2
demand,2
purse,2
desire,2
designated,2
deserve,2
depth,2
pure,2
department,2
pudding,2
boiled,2
bolt,2
determine,2
properly,2
rag,2
practicing,2
dignified,2
preserve,2
pressure,2
prevent,2
difference,2
priest,2
prize,2
quiver,2
bonnet,2
production,2
progress,2
bond,2
deepening,2
defective,2
definition,2
pizza,2
puddle,2
crumpled,2
researcher,2
coward,2
crevice,2
crude,2
disturb,2
driven,2
penalty,2
drift,2
doubtful,2
bleeding,2
patter,2
driveway,2
paved,2
pavement,2
remove,2
resist,2
drama,2
crush,2
drained,2
dresser,2
perfume,2
drip,2
patiently,2
performer,2
religious,2
patriot,2
dreamy,2
braid,2
piazza,2
phone,2
crook,2
deed,1
communication,1
frenzy,1
technological,1
tone,1
absently,1
cock,1
anxious,1
fridge,1
abruptly,1
tongs,1
frayed,1
anvil,1
crimson,1
toothless,1
freshwater,1
armored,1
communicate,1
fringe,1
fuel,1
frying,1
frustrated,1
decay,1
woodwork,1
commence,1
decisively,1
declared,1
appealing,1
comment,1
timetable,1
tingle,1
activity,1
apostle,1
frigid,1
wooded,1
groggy,1
frightening,1
decline,1
frighten,1
topic,1
decorate,1
wonderfully,1
committee,1
antique,1
toss,1
topple,1
grudgingly,1
forceful,1
forbidden,1
annoyance,1
traditionally,1
foolishly,1
competing,1
fondness,1
annoy,1
fondly,1
grueling,1
trainer,1
addition,1
zipper,1
departed,1
zone,1
traitor,1
trance,1
transfer,1
complain,1
transmit,1
transmitter,1
transport,1
complement,1
foliage,1
sympathy,1
wispy,1
fore,1
defense,1
delivery,1
fragile,1
cobble,1
torpedo,1
applaud,1
fowl,1
yummy,1
founding,1
defy,1
foundation,1
delayed,1
fortunately,1
fortress,1
delicacy,1
formerly,1
delicately,1
crime,1
former,1
grudge,1
tackle,1
formation,1
tablecloth,1
forgiveness,1
townspeople,1
zebra,1
compare,1
fulfill,1
furnace,1
fumble,1
comfortably,1
wrestle,1
glimpse,1
glimmer,1
wrecked,1
wreckage,1
arena,1
glider,1
crunch,1
architect,1
terrified,1
glee,1
wreck,1
gleam,1
glassy,1
grapple,1
glare,1
glamorous,1
gladly,1
damaging,1
glacier,1
damper,1
arc,1
tavern,1
giggle,1
tattoo,1
creation,1
colorless,1
glistening,1
grammar,1
grader,1
coincidence,1
gourd,1
gothic,1
gossip,1
cupboard,1
teeming,1
technique,1
curfew,1
currency,1
teenaged,1
goodbye,1
custom,1
telegraph,1
goo,1
global,1
golf,1
governing,1
wrongly,1
glue,1
wrinkle,1
wretched,1
temper,1
crunchy,1
teapot,1
glossary,1
temporary,1
gloss,1
theft,1
ghastly,1
germ,1
grime,1
threshold,1
thrill,1
dated,1
worm,1
thrilling,1
appreciate,1
worldwide,1
appointment,1
crouch,1
yearly,1
acquire,1
grim,1
crossroads,1
accepted,1
workhorse,1
gal,1
academy,1
acquired,1
yellowish,1
grinding,1
criticize,1
absolute,1
crust,1
crate,1
tickle,1
critically,1
accuse,1
garlic,1
thereafter,1
yarn,1
therefore,1
gravity,1
dank,1
geographic,1
genuine,1
approvingly,1
gentleness,1
cruelty,1
approaching,1
gentleman,1
cocoon,1
darkly,1
genie,1
threaten,1
worthless,1
address,1
greed,1
generally,1
gauze,1
appreciation,1
coma,1
combination,1
worship,1
dashboard,1
tanned,1
gasoline,1
generosity,1
trigger,1
compose,1
vanishing,1
welcoming,1
alpine,1
vaccine,1
vacuum,1
vain,1
alphabet,1
enjoyable,1
enhance,1
discovery,1
engraving,1
discussion,1
disease,1
endure,1
alpha,1
endlessly,1
distasteful,1
varied,1
vase,1
ending,1
encouraging,1
vehicle,1
encouragement,1
emptiness,1
weekend,1
dismount,1
venom,1
corpse,1
weed,1
disseminate,1
corral,1
afterlife,1
entertaining,1
entertainment,1
discipline,1
wheelbarrow,1
unseen,1
excellence,1
exceedingly,1
evolved,1
disappointed,1
unto,1
untouched,1
evidence,1
unusually,1
wheat,1
unworthy,1
everlasting,1
evenly,1
eternal,1
upright,1
estimated,1
uproar,1
uprooted,1
esteemed,1
esteem,1
eruption,1
disappointment,1
envy,1
wham,1
disbelief,1
whack,1
discard,1
although,1
coyote,1
embankment,1
unscrew,1
alertness,1
earring,1
aid,1
aim,1
courageous,1
drain,1
alleyway,1
waterfowl,1
earn,1
counsel,1
dynasty,1
dwell,1
alien,1
waking,1
algebra,1
drastic,1
vibrate,1
dutiful,1
counterpart,1
dumplings,1
dumping,1
alcohol,1
drilling,1
drinker,1
warship,1
due,1
droop,1
drunk,1
wares,1
warily,1
drowsy,1
downstream,1
downpour,1
doughnut,1
vote,1
vicious,1
elm,1
elite,1
elf,1
cost,1
distinct,1
distract,1
elegantly,1
distress,1
elegance,1
electronic,1
electrically,1
divide,1
dizziness,1
vineyard,1
effortlessly,1
wearily,1
domed,1
effect,1
donation,1
visitor,1
dot,1
vitamin,1
vivid,1
vocal,1
allowance,1
weakest,1
editing,1
economic,1
sympathetically,1
disappoint,1
traveler,1
file,1
tropical,1
admiration,1
detect,1
trout,1
firecracker,1
conclude,1
amused,1
amuse,1
determined,1
confess,1
filming,1
willing,1
admission,1
truthful,1
confidence,1
wiggle,1
devastated,1
confidently,1
fiddle,1
feverishly,1
tuck,1
tuft,1
devastating,1
devastation,1
fender,1
fencing,1
congratulate,1
device,1
federation,1
featured,1
flattened,1
flavor,1
angle,1
windowless,1
composer,1
depend,1
wire,1
tread,1
compound,1
depending,1
deplete,1
flu,1
adjust,1
treated,1
treatment,1
treaty,1
description,1
cramped,1
flow,1
trek,1
flourish,1
designer,1
tremendous,1
tremor,1
triangle,1
flip,1
despair,1
flint,1
trickle,1
tricky,1
flinch,1
fleeing,1
flee,1
feat,1
turquoise,1
whereabouts,1
unfurl,1
eyepiece,1
underbrush,1
exuberant,1
extremely,1
undertake,1
extravagant,1
extend,1
uneasy,1
expressly,1
unfair,1
express,1
unforgettable,1
whine,1
explosion,1
unhappily,1
turtle,1
directed,1
director,1
unharmed,1
explode,1
expanded,1
unique,1
exotic,1
unity,1
existence,1
university,1
exclude,1
exchange,1
unmanned,1
disagreement,1
eyewitness,1
whirlpool,1
fabled,1
unchanged,1
tutor,1
conqueror,1
devotion,1
fawn,1
devour,1
diagram,1
diary,1
whomever,1
twine,1
constant,1
fashionable,1
craft,1
constitution,1
fang,1
container,1
differently,1
typical,1
advance,1
contented,1
whiteness,1
ugliness,1
adventurous,1
digest,1
affair,1
factory,1
unbearable,1
diligent,1
unbelievably,1
unbutton,1
restore,1
astonishment,1
symmetry,1
bean,1
pace,1
pad,1
paddy,1
shame,1
painfully,1
paintbrush,1
brighten,1
pal,1
brief,1
pancake,1
pant,1
sex,1
paragraph,1
severely,1
severe,1
beaten,1
breathtaking,1
brim,1
brink,1
oncoming,1
sharpen,1
operator,1
opportunity,1
broadly,1
organ,1
organization,1
organize,1
beaded,1
origin,1
ornament,1
ornate,1
shelter,1
outline,1
sheet,1
shear,1
overcome,1
overgrown,1
overly,1
participate,1
passionate,1
patron,1
pause,1
philosophy,1
physically,1
boyhood,1
boxed,1
pigeon,1
behalf,1
pilgrimage,1
bout,1
searing,1
pistol,1
seamstress,1
seaman,1
plague,1
plaid,1
bellow,1
plainly,1
sculptor,1
secure,1
petal,1
seed,1
senior,1
sergeant,1
peach,1
pearly,1
peat,1
sensing,1
peddler,1
sensation,1
bravery,1
personal,1
peg,1
brand,1
permanent,1
permissible,1
seeming,1
permit,1
braided,1
oneself,1
broth,1
banned,1
skilled,1
murmur,1
muscular,1
skate,1
mystical,1
mythic,1
bureau,1
nameless,1
barley,1
narrator,1
nasty,1
naturalist,1
naturally,1
nausea,1
necklace,1
nectar,1
needle,1
negotiate,1
skill,1
barb,1
omen,1
munch,1
mop,1
mosque,1
banner,1
banquet,1
moth,1
motionless,1
motto,1
slain,1
slack,1
busily,1
skyline,1
skylight,1
mounted,1
mounting,1
mournful,1
burnt,1
muck,1
nervousness,1
nicely,1
nick,1
nickel,1
shrinking,1
bubbly,1
nutty,1
obey,1
obituary,1
showcase,1
bathtub,1
obtain,1
occupancy,1
occupy,1
bubble,1
shortness,1
shortly,1
shortage,1
offend,1
bruised,1
okra,1
nutritious,1
buck,1
shuttered,1
nook,1
nightgown,1
nimble,1
nocturnal,1
basement,1
noisily,1
basin,1
nomad,1
basketball,1
null,1
sightseeing,1
sighted,1
normally,1
notably,1
sideboard,1
bathrobe,1
shyness,1
sculpt,1
planting,1
plateau,1
ravine,1
rogue,1
blond,1
blocking,1
blob,1
reappear,1
robin,1
biting,1
rebirth,1
rebuild,1
rebuilt,1
recall,1
roadway,1
bitterly,1
bizarre,1
rival,1
reckless,1
recommend,1
razor,1
rattle,1
bounce,1
ramble,1
rack,1
biology,1
blower,1
rotor,1
rotation,1
rotating,1
rotate,1
rot,1
raindrop,1
birth,1
birthday,1
blouse,1
rooster,1
roomy,1
birthplace,1
raising,1
romantic,1
blackened,1
rectangular,1
blindly,1
refer,1
rhythmic,1
repair,1
replica,1
reply,1
reporting,1
republic,1
revolve,1
reputation,1
residence,1
resigned,1
resistance,1
resistant,1
respected,1
respectfully,1
retreat,1
retire,1
resume,1
rented,1
rent,1
renowned,1
rightful,1
reference,1
riot,1
reflect,1
reflection,1
refrain,1
refrigerator,1
rim,1
regain,1
remarkably,1
regret,1
rehearsal,1
reign,1
rejoice,1
released,1
reluctantly,1
remaining,1
quote,1
quivering,1
blunt,1
primarily,1
scarlet,1
possession,1
pounce,1
scarcely,1
scalp,1
powered,1
practically,1
prank,1
pray,1
savage,1
precariously,1
predict,1
satisfied,1
prefer,1
booklet,1
beta,1
sampling,1
positively,1
porridge,1
pork,1
scorn,1
playwright,1
pleasant,1
plow,1
pluck,1
scratch,1
plush,1
borrowed,1
score,1
scattering,1
poetic,1
politics,1
belongings,1
ponder,1
ponytail,1
bore,1
poorly,1
salute,1
print,1
quickness,1
printed,1
psychology,1
bold,1
runaway,1
binding,1
rumor,1
publishing,1
ruling,1
bingo,1
pulse,1
purely,1
ruffle,1
puzzling,1
boast,1
rubbery,1
boarding,1
royalty,1
quickest,1
billow,1
prowl,1
province,1
propose,1
privileged,1
professional,1
bombing,1
pronounce,1
sagging,1
pronounced,1
propel,1
prose,1
rust,1
prosperity,1
protective,1
protector,1
rye,1
provide,1
providing,1
rusted,1
mood,1
sliced,1
guarantee,1
image,1
attempted,1
chilling,1
immense,1
immortal,1
chile,1
attendance,1
improve,1
improved,1
improving,1
incense,1
stoop,1
incoming,1
increased,1
increasing,1
stomp,1
indicate,1
stirrup,1
straighten,1
illness,1
horseshoe,1
illegal,1
stroll,1
huddle,1
stripped,1
stripe,1
chore,1
hugely,1
humbly,1
hump,1
stride,1
hurricane,1
hymn,1
identify,1
identity,1
stray,1
idiot,1
strapping,1
ignore,1
industrial,1
industry,1
stink,1
stingy,1
autograph,1
irritate,1
isolation,1
statement,1
stately,1
stated,1
issue,1
itch,1
jab,1
automobile,1
cheers,1
jade,1
jasmine,1
stark,1
jaw,1
jealous,1
stanza,1
chef,1
invent,1
invade,1
innovative,1
infectious,1
influence,1
stillness,1
attract,1
ingredient,1
inherited,1
inland,1
inspect,1
intensely,1
inspector,1
auditorium,1
stench,1
chick,1
chi,1
steer,1
insult,1
household,1
horseman,1
moisture,1
survival,1
hasty,1
clog,1
headache,1
headboard,1
surpass,1
healing,1
clink,1
heartache,1
heartbeat,1
ashamed,1
heartily,1
heater,1
supportive,1
supporting,1
supporter,1
heating,1
heave,1
surroundings,1
surviving,1
astronomy,1
survivor,1
swoop,1
guardian,1
guidance,1
gush,1
swine,1
coarse,1
gymnast,1
habitat,1
haggle,1
halting,1
sweating,1
handkerchief,1
handling,1
sway,1
handwritten,1
hare,1
harmonica,1
supermarket,1
aspire,1
assassination,1
assignment,1
hiss,1
clamp,1
hog,1
hoist,1
claim,1
circus,1
circular,1
holy,1
stunningly,1
hoof,1
churn,1
stuffy,1
result,1
astounding,1
horribly,1
astronaut,1
horrifying,1
hiring,1
hire,1
suck,1
suitcase,1
clenched,1
cleanly,1
assistance,1
summon,1
summit,1
associate,1
hence,1
herald,1
sucker,1
heroine,1
heron,1
suggest,1
hike,1
classical,1
hilt,1
suction,1
standstill,1
standard,1
average,1
maker,1
solar,1
marathon,1
marigold,1
marsh,1
masterpiece,1
mathematics,1
mattress,1
mature,1
snugly,1
mayor,1
meaningful,1
snowman,1
meaningless,1
mechanic,1
camper,1
mega,1
snicker,1
malaria,1
solitude,1
jerky,1
majestic,1
carousel,1
caring,1
backwards,1
caribou,1
careless,1
bacteria,1
carefree,1
badly,1
sonar,1
loyalty,1
lumber,1
sometime,1
macaroni,1
capitol,1
magazine,1
magnifying,1
mainland,1
melody,1
bale,1
balk,1
snatch,1
slug,1
slower,1
slot,1
slosh,1
sloppy,1
missionary,1
cable,1
slogan,1
mistaken,1
slit,1
mitten,1
mixture,1
slink,1
mob,1
moccasin,1
slime,1
banker,1
slump,1
slush,1
sly,1
calf,1
snarl,1
member,1
merely,1
smudge,1
midday,1
midst,1
milling,1
balloon,1
mischief,1
smirk,1
ballroom,1
ban,1
mint,1
smear,1
smashed,1
miraculously,1
lope,1
loosen,1
longtime,1
launch,1
kissing,1
charcoal,1
kitten,1
knack,1
kneel,1
spurt,1
sprinkle,1
knotted,1
chapel,1
spraying,1
knowledgeable,1
chap,1
labor,1
chaos,1
chant,1
lair,1
lamb,1
kindred,1
kimono,1
killer,1
stained,1
stamp,1
jig,1
jog,1
jostle,1
stake,1
journal,1
junk,1
stain,1
kidnap,1
staggering,1
justice,1
jut,1
chat,1
kennel,1
kick,1
stab,1
sponge,1
splitting,1
southeast,1
laureate,1
spectacularly,1
lightweight,1
likely,1
lilac,1
linked,1
sparse,1
backside,1
caterpillar,1
spark,1
casually,1
carving,1
locate,1
spaceship,1
backstage,1
souvenir,1
location,1
southeastern,1
lifetime,1
lifeless,1
lick,1
spill,1
lavender,1
lazy,1
leadership,1
leathery,1
spindly,1
spinach,1
cedar,1
spice,1
speedy,1
sphere,1
cavalry,1
lettuce,1
level,1
lever,1
liberty,1
backbone,1
brisk,1
